<?xml version = '1.0' encoding = 'UTF-8'?>
<TableProxyOraclev12c class="oracle.dbtools.crest.model.design.storage.oracle.v12c.TableProxyOraclev12c" name="TIPO_MAQUINA" directorySegmentName="seg_0" id="54344B8F-95F6-2FD2-D082-C781EAE8D948">
<createdBy>rulz</createdBy>
<createdTime>2025-10-13 00:28:52 UTC</createdTime>
<ownerDesignName>CA_SA</ownerDesignName>
<schemaObject>60AA4155-4E0A-1655-3DDF-F12679C44D3C</schemaObject>
<logging>YES</logging>
<partitionedRowMovement>DISABLE</partitionedRowMovement>
<segment>1FF88D48-6C28-983A-6A0D-3BEF9C99EAD8</segment>
<tableSpace>508E7ABA-BA84-88D5-820B-EBFE06C62B19</tableSpace>
<temporaryChanged>false</temporaryChanged>
<accessDriverType>oracle_loader</accessDriverType>
<rejectLimit></rejectLimit>
<inMemory>NO</inMemory>
<columnProxies itemClass="oracle.dbtools.crest.model.design.storage.oracle.v12c.ColumnProxyOraclev12c">
<ColumnProxy name="DESCRIPCION" id="498ABEC4-481D-D83F-5330-9BB19B88C05B">
<createdBy>rulz</createdBy>
<createdTime>2025-10-13 00:28:52 UTC</createdTime>
<ownerDesignName>CA_SA</ownerDesignName>
</ColumnProxy>
<ColumnProxy name="NOMBRE_TIPO" id="BCA5A858-C8FD-165A-8456-18F59B3D98BD">
<createdBy>rulz</createdBy>
<createdTime>2025-10-13 00:28:52 UTC</createdTime>
<ownerDesignName>CA_SA</ownerDesignName>
</ColumnProxy>
<ColumnProxy name="ID_TIPO_MAQUINA" id="FF99D371-792D-4506-212E-BE979D7DB67D">
<createdBy>rulz</createdBy>
<createdTime>2025-10-13 00:28:52 UTC</createdTime>
<ownerDesignName>CA_SA</ownerDesignName>
</ColumnProxy>
</columnProxies>
<primaryKeys>
<PrimaryKey class="oracle.dbtools.crest.model.design.storage.oracle.v10g.PKProxyOraclev10g" name="TIPO_MAQUINA_PK" id="A5A54821-1B6E-E689-3C23-11D880179EE2">
<createdBy>rulz</createdBy>
<createdTime>2025-10-13 00:28:53 UTC</createdTime>
<ownerDesignName>CA_SA</ownerDesignName>
<schemaObject>60AA4155-4E0A-1655-3DDF-F12679C44D3C</schemaObject>
<segment>FEA4D0AF-4125-741A-B0EC-CFE328033DBB</segment>
<tableSpace>508E7ABA-BA84-88D5-820B-EBFE06C62B19</tableSpace>
<indexSegment>FEA4D0AF-4125-741A-B0EC-CFE328033DBB</indexSegment>
<indexSort>SORTED</indexSort>
<usingIndex>BY INDEX NAME</usingIndex>
</PrimaryKey>
</primaryKeys>
</TableProxyOraclev12c>