<?xml version = '1.0' encoding = 'UTF-8'?>
<TableProxyOraclev12c class="oracle.dbtools.crest.model.design.storage.oracle.v12c.TableProxyOraclev12c" name="EMPLEADO" directorySegmentName="seg_0" id="5928418F-44CB-CE25-F87A-157E5D368575">
<createdBy>rulz</createdBy>
<createdTime>2025-10-13 00:28:52 UTC</createdTime>
<ownerDesignName>CA_SA</ownerDesignName>
<schemaObject>60AA4155-4E0A-1655-3DDF-F12679C44D3C</schemaObject>
<logging>YES</logging>
<partitionedRowMovement>DISABLE</partitionedRowMovement>
<segment>1FF88D48-6C28-983A-6A0D-3BEF9C99EAD8</segment>
<tableSpace>508E7ABA-BA84-88D5-820B-EBFE06C62B19</tableSpace>
<temporaryChanged>false</temporaryChanged>
<accessDriverType>oracle_loader</accessDriverType>
<rejectLimit></rejectLimit>
<inMemory>NO</inMemory>
<columnProxies itemClass="oracle.dbtools.crest.model.design.storage.oracle.v12c.ColumnProxyOraclev12c">
<ColumnProxy name="NOMBRE_EMPLEADO" id="0F751CB0-0A6E-8D6C-9C2A-E9CBFE7E42B9">
<createdBy>rulz</createdBy>
<createdTime>2025-10-13 00:28:52 UTC</createdTime>
<ownerDesignName>CA_SA</ownerDesignName>
</ColumnProxy>
<ColumnProxy name="ID_PLANTA" id="3C499EDD-AEA4-CBE7-0342-7B3E51C22923">
<createdBy>rulz</createdBy>
<createdTime>2025-10-13 00:28:52 UTC</createdTime>
<ownerDesignName>CA_SA</ownerDesignName>
</ColumnProxy>
<ColumnProxy name="ID_EMPLEADO" id="897FBDAA-DF6A-E1A9-5964-3C635E227B6B">
<createdBy>rulz</createdBy>
<createdTime>2025-10-13 00:28:52 UTC</createdTime>
<ownerDesignName>CA_SA</ownerDesignName>
</ColumnProxy>
</columnProxies>
<foreignKeys>
<ForeignKey class="oracle.dbtools.crest.model.design.storage.oracle.v10g.FKProxyOraclev10g" name="SYS_C007620" id="F3111E12-0C41-0A85-6102-F1DD129493BA">
<createdBy>rulz</createdBy>
<createdTime>2025-10-13 00:28:53 UTC</createdTime>
<ownerDesignName>CA_SA</ownerDesignName>
</ForeignKey>
</foreignKeys>
<primaryKeys>
<PrimaryKey class="oracle.dbtools.crest.model.design.storage.oracle.v10g.PKProxyOraclev10g" name="EMPLEADO_PK" id="78D1BD69-3612-5B61-B6D6-DF27761D8977">
<createdBy>rulz</createdBy>
<createdTime>2025-10-13 00:28:53 UTC</createdTime>
<ownerDesignName>CA_SA</ownerDesignName>
<schemaObject>60AA4155-4E0A-1655-3DDF-F12679C44D3C</schemaObject>
<segment>FEA4D0AF-4125-741A-B0EC-CFE328033DBB</segment>
<tableSpace>508E7ABA-BA84-88D5-820B-EBFE06C62B19</tableSpace>
<indexSegment>FEA4D0AF-4125-741A-B0EC-CFE328033DBB</indexSegment>
<indexSort>SORTED</indexSort>
<usingIndex>BY INDEX NAME</usingIndex>
</PrimaryKey>
</primaryKeys>
</TableProxyOraclev12c>