<?xml version = '1.0' encoding = 'UTF-8'?>
<TableProxyOraclev12c class="oracle.dbtools.crest.model.design.storage.oracle.v12c.TableProxyOraclev12c" name="TURNO" directorySegmentName="seg_0" id="708049D2-9E33-9DAC-EE62-5080BDDAF079">
<createdBy>rulz</createdBy>
<createdTime>2025-10-13 00:28:52 UTC</createdTime>
<ownerDesignName>CA_SA</ownerDesignName>
<schemaObject>60AA4155-4E0A-1655-3DDF-F12679C44D3C</schemaObject>
<logging>YES</logging>
<partitionedRowMovement>DISABLE</partitionedRowMovement>
<segment>1FF88D48-6C28-983A-6A0D-3BEF9C99EAD8</segment>
<tableSpace>508E7ABA-BA84-88D5-820B-EBFE06C62B19</tableSpace>
<temporaryChanged>false</temporaryChanged>
<accessDriverType>oracle_loader</accessDriverType>
<rejectLimit></rejectLimit>
<inMemory>NO</inMemory>
<columnProxies itemClass="oracle.dbtools.crest.model.design.storage.oracle.v12c.ColumnProxyOraclev12c">
<ColumnProxy name="NOMBRE_TURNO" id="15D20674-3C78-B3F1-8AA2-B26FB9423973">
<createdBy>rulz</createdBy>
<createdTime>2025-10-13 00:28:52 UTC</createdTime>
<ownerDesignName>CA_SA</ownerDesignName>
</ColumnProxy>
<ColumnProxy name="HORA_FIN" id="74F7B80E-2100-C001-C1F9-5355B802E910">
<createdBy>rulz</createdBy>
<createdTime>2025-10-13 00:28:52 UTC</createdTime>
<ownerDesignName>CA_SA</ownerDesignName>
</ColumnProxy>
<ColumnProxy name="ID_TURNO" id="7DB3561B-2E00-F367-6943-FD5989EDEB66">
<createdBy>rulz</createdBy>
<createdTime>2025-10-13 00:28:52 UTC</createdTime>
<ownerDesignName>CA_SA</ownerDesignName>
</ColumnProxy>
<ColumnProxy name="HORA_INICIO" id="8EE0B258-AC6A-1F9F-C29A-94E9E5785574">
<createdBy>rulz</createdBy>
<createdTime>2025-10-13 00:28:52 UTC</createdTime>
<ownerDesignName>CA_SA</ownerDesignName>
</ColumnProxy>
</columnProxies>
<primaryKeys>
<PrimaryKey class="oracle.dbtools.crest.model.design.storage.oracle.v10g.PKProxyOraclev10g" name="TURNO_PK" id="C9AAA08C-25E1-68AA-AAB9-9013D0A1CF61">
<createdBy>rulz</createdBy>
<createdTime>2025-10-13 00:28:53 UTC</createdTime>
<ownerDesignName>CA_SA</ownerDesignName>
<schemaObject>60AA4155-4E0A-1655-3DDF-F12679C44D3C</schemaObject>
<segment>FEA4D0AF-4125-741A-B0EC-CFE328033DBB</segment>
<tableSpace>508E7ABA-BA84-88D5-820B-EBFE06C62B19</tableSpace>
<indexSegment>FEA4D0AF-4125-741A-B0EC-CFE328033DBB</indexSegment>
<indexSort>SORTED</indexSort>
<usingIndex>BY INDEX NAME</usingIndex>
</PrimaryKey>
</primaryKeys>
</TableProxyOraclev12c>