<?xml version = '1.0' encoding = 'UTF-8'?>
<TableProxyOraclev12c class="oracle.dbtools.crest.model.design.storage.oracle.v12c.TableProxyOraclev12c" name="ORDEN_MANTENCION" directorySegmentName="seg_0" id="ADA242A1-E0EC-8710-D773-76B9EC3890FC">
<createdBy>rulz</createdBy>
<createdTime>2025-10-13 00:28:52 UTC</createdTime>
<ownerDesignName>CA_SA</ownerDesignName>
<schemaObject>60AA4155-4E0A-1655-3DDF-F12679C44D3C</schemaObject>
<logging>YES</logging>
<partitionedRowMovement>DISABLE</partitionedRowMovement>
<segment>1FF88D48-6C28-983A-6A0D-3BEF9C99EAD8</segment>
<tableSpace>508E7ABA-BA84-88D5-820B-EBFE06C62B19</tableSpace>
<temporaryChanged>false</temporaryChanged>
<accessDriverType>oracle_loader</accessDriverType>
<rejectLimit></rejectLimit>
<inMemory>NO</inMemory>
<columnProxies itemClass="oracle.dbtools.crest.model.design.storage.oracle.v12c.ColumnProxyOraclev12c">
<ColumnProxy name="ID_MAQUINA" id="4DD0F267-0704-FBF4-BE66-D08AFB1AB091">
<createdBy>rulz</createdBy>
<createdTime>2025-10-13 00:28:52 UTC</createdTime>
<ownerDesignName>CA_SA</ownerDesignName>
</ColumnProxy>
<ColumnProxy name="ID_ORDEN" id="5AE04C6E-CDFE-B6D3-D8A2-36C5125BDCFB">
<createdBy>rulz</createdBy>
<createdTime>2025-10-13 00:28:52 UTC</createdTime>
<ownerDesignName>CA_SA</ownerDesignName>
</ColumnProxy>
<ColumnProxy name="FECHA_ORDEN" id="CB248748-F981-421B-659C-35404EF6408C">
<createdBy>rulz</createdBy>
<createdTime>2025-10-13 00:28:52 UTC</createdTime>
<ownerDesignName>CA_SA</ownerDesignName>
</ColumnProxy>
</columnProxies>
<foreignKeys>
<ForeignKey class="oracle.dbtools.crest.model.design.storage.oracle.v10g.FKProxyOraclev10g" name="SYS_C007634" id="3909A04F-A3E8-A234-438B-82485695040D">
<createdBy>rulz</createdBy>
<createdTime>2025-10-13 00:28:53 UTC</createdTime>
<ownerDesignName>CA_SA</ownerDesignName>
</ForeignKey>
</foreignKeys>
<primaryKeys>
<PrimaryKey class="oracle.dbtools.crest.model.design.storage.oracle.v10g.PKProxyOraclev10g" name="ORDEN_MANTENCION_PK" id="FD2FD3C3-9F27-FA54-A45F-2964F53696EB">
<createdBy>rulz</createdBy>
<createdTime>2025-10-13 00:28:53 UTC</createdTime>
<ownerDesignName>CA_SA</ownerDesignName>
<schemaObject>60AA4155-4E0A-1655-3DDF-F12679C44D3C</schemaObject>
<segment>FEA4D0AF-4125-741A-B0EC-CFE328033DBB</segment>
<tableSpace>508E7ABA-BA84-88D5-820B-EBFE06C62B19</tableSpace>
<indexSegment>FEA4D0AF-4125-741A-B0EC-CFE328033DBB</indexSegment>
<indexSort>SORTED</indexSort>
<usingIndex>BY INDEX NAME</usingIndex>
</PrimaryKey>
</primaryKeys>
</TableProxyOraclev12c>