<?xml version = '1.0' encoding = 'UTF-8'?>
<TableProxyOraclev12c class="oracle.dbtools.crest.model.design.storage.oracle.v12c.TableProxyOraclev12c" name="ASIGNACION_TURNO" directorySegmentName="seg_0" id="CBB8C30C-7168-F1D4-3C48-B96F48F46227">
<createdBy>rulz</createdBy>
<createdTime>2025-10-13 00:28:52 UTC</createdTime>
<ownerDesignName>CA_SA</ownerDesignName>
<schemaObject>60AA4155-4E0A-1655-3DDF-F12679C44D3C</schemaObject>
<logging>YES</logging>
<partitionedRowMovement>DISABLE</partitionedRowMovement>
<segment>1FF88D48-6C28-983A-6A0D-3BEF9C99EAD8</segment>
<tableSpace>508E7ABA-BA84-88D5-820B-EBFE06C62B19</tableSpace>
<temporaryChanged>false</temporaryChanged>
<accessDriverType>oracle_loader</accessDriverType>
<rejectLimit></rejectLimit>
<inMemory>NO</inMemory>
<columnProxies itemClass="oracle.dbtools.crest.model.design.storage.oracle.v12c.ColumnProxyOraclev12c">
<ColumnProxy name="ID_TURNO" id="13E2D8FA-24CD-F846-8A1F-FD70F7F82F20">
<createdBy>rulz</createdBy>
<createdTime>2025-10-13 00:28:52 UTC</createdTime>
<ownerDesignName>CA_SA</ownerDesignName>
</ColumnProxy>
<ColumnProxy name="ID_EMPLEADO" id="1D9382F2-3391-B4F5-941F-661F5762110A">
<createdBy>rulz</createdBy>
<createdTime>2025-10-13 00:28:52 UTC</createdTime>
<ownerDesignName>CA_SA</ownerDesignName>
</ColumnProxy>
<ColumnProxy name="ID_ASIGNACION" id="6E9099C6-0978-32D6-A42E-FC6D66257C19">
<createdBy>rulz</createdBy>
<createdTime>2025-10-13 00:28:52 UTC</createdTime>
<ownerDesignName>CA_SA</ownerDesignName>
</ColumnProxy>
</columnProxies>
<foreignKeys>
<ForeignKey class="oracle.dbtools.crest.model.design.storage.oracle.v10g.FKProxyOraclev10g" name="SYS_C007639" id="01BD581F-AF81-0089-1CF4-BAC0BB2D9600">
<createdBy>rulz</createdBy>
<createdTime>2025-10-13 00:28:53 UTC</createdTime>
<ownerDesignName>CA_SA</ownerDesignName>
</ForeignKey>
<ForeignKey class="oracle.dbtools.crest.model.design.storage.oracle.v10g.FKProxyOraclev10g" name="SYS_C007638" id="7C4F3B93-91CF-5101-2129-A3BA40309985">
<createdBy>rulz</createdBy>
<createdTime>2025-10-13 00:28:53 UTC</createdTime>
<ownerDesignName>CA_SA</ownerDesignName>
</ForeignKey>
</foreignKeys>
<primaryKeys>
<PrimaryKey class="oracle.dbtools.crest.model.design.storage.oracle.v10g.PKProxyOraclev10g" name="ASIGNACION_TURNO_PK" id="55ABB72E-A2E3-277B-2E20-A4D7C38DF3E6">
<createdBy>rulz</createdBy>
<createdTime>2025-10-13 00:28:53 UTC</createdTime>
<ownerDesignName>CA_SA</ownerDesignName>
<schemaObject>60AA4155-4E0A-1655-3DDF-F12679C44D3C</schemaObject>
<segment>FEA4D0AF-4125-741A-B0EC-CFE328033DBB</segment>
<tableSpace>508E7ABA-BA84-88D5-820B-EBFE06C62B19</tableSpace>
<indexSegment>FEA4D0AF-4125-741A-B0EC-CFE328033DBB</indexSegment>
<indexSort>SORTED</indexSort>
<usingIndex>BY INDEX NAME</usingIndex>
</PrimaryKey>
</primaryKeys>
</TableProxyOraclev12c>