<?xml version = '1.0' encoding = 'UTF-8'?>
<FKIndexAssociation class="oracle.dbtools.crest.model.design.relational.FKIndexAssociation" directorySegmentName="seg_0" id="049804C4-B2AC-04C7-8A29-E078C6F3D144" containerWithKeyObject="4DCAA68F-1B33-4CE0-A351-51CD0DA61115" localFKIndex="FFDD84A3-500C-C8A1-C4F4-49D2481BFAB2" name="SYS_C007612">
<sourceConnName>OracleDocker</sourceConnName>
<sourceObjSchema>PRY2204_S9</sourceObjSchema>
<sourceObjName>SYS_C007612</sourceObjName>
<createdBy>rulz</createdBy>
<createdTime>2025-10-13 00:28:53 UTC</createdTime>
<ownerDesignName>CA_SA</ownerDesignName>
<referredTableLongName>PRY2204_S9.REGION</referredTableLongName>
<deleteRule>NO ACTION</deleteRule>
<referredTableID>53F632EC-B5A9-93ED-CB05-5080C9A5374A</referredTableID>
<keyObject>C6864187-9193-22D6-EDCC-37A2EFBAA45B</keyObject>
<referredKeyID>C6864187-9193-22D6-EDCC-37A2EFBAA45B</referredKeyID>
<mandatory>true</mandatory>
<refColNames>ID_REGION</refColNames>
<transferable>true</transferable>
<rely>false</rely>
<columnDependencyConstraintGenerateInDDL>true</columnDependencyConstraintGenerateInDDL>
</FKIndexAssociation>