<?xml version = '1.0' encoding = 'UTF-8'?>
<FKIndexAssociation class="oracle.dbtools.crest.model.design.relational.FKIndexAssociation" directorySegmentName="seg_0" id="0ED96B8A-ED20-AC64-8013-788701CFA014" containerWithKeyObject="5928418F-44CB-CE25-F87A-157E5D368575" localFKIndex="F3111E12-0C41-0A85-6102-F1DD129493BA" name="SYS_C007620">
<sourceConnName>OracleDocker</sourceConnName>
<sourceObjSchema>PRY2204_S9</sourceObjSchema>
<sourceObjName>SYS_C007620</sourceObjName>
<createdBy>rulz</createdBy>
<createdTime>2025-10-13 00:28:53 UTC</createdTime>
<ownerDesignName>CA_SA</ownerDesignName>
<referredTableLongName>PRY2204_S9.PLANTA</referredTableLongName>
<deleteRule>NO ACTION</deleteRule>
<referredTableID>C85E7A24-4B89-3C48-55B3-53B301517034</referredTableID>
<keyObject>CE9453AA-E140-AFD0-2B31-18A8E98C60B1</keyObject>
<referredKeyID>CE9453AA-E140-AFD0-2B31-18A8E98C60B1</referredKeyID>
<mandatory>true</mandatory>
<refColNames>ID_PLANTA</refColNames>
<transferable>true</transferable>
<rely>false</rely>
<columnDependencyConstraintGenerateInDDL>true</columnDependencyConstraintGenerateInDDL>
</FKIndexAssociation>