<?xml version = '1.0' encoding = 'UTF-8'?>
<FKIndexAssociation class="oracle.dbtools.crest.model.design.relational.FKIndexAssociation" directorySegmentName="seg_0" id="16A5731A-4B7F-805B-DD6D-CEA32EE4368A" containerWithKeyObject="CBB8C30C-7168-F1D4-3C48-B96F48F46227" localFKIndex="7C4F3B93-91CF-5101-2129-A3BA40309985" name="SYS_C007638">
<sourceConnName>OracleDocker</sourceConnName>
<sourceObjSchema>PRY2204_S9</sourceObjSchema>
<sourceObjName>SYS_C007638</sourceObjName>
<createdBy>rulz</createdBy>
<createdTime>2025-10-13 00:28:53 UTC</createdTime>
<ownerDesignName>CA_SA</ownerDesignName>
<referredTableLongName>PRY2204_S9.EMPLEADO</referredTableLongName>
<deleteRule>NO ACTION</deleteRule>
<referredTableID>5928418F-44CB-CE25-F87A-157E5D368575</referredTableID>
<keyObject>78D1BD69-3612-5B61-B6D6-DF27761D8977</keyObject>
<referredKeyID>78D1BD69-3612-5B61-B6D6-DF27761D8977</referredKeyID>
<mandatory>true</mandatory>
<refColNames>ID_EMPLEADO</refColNames>
<transferable>true</transferable>
<rely>false</rely>
<columnDependencyConstraintGenerateInDDL>true</columnDependencyConstraintGenerateInDDL>
</FKIndexAssociation>