<?xml version = '1.0' encoding = 'UTF-8'?>
<FKIndexAssociation class="oracle.dbtools.crest.model.design.relational.FKIndexAssociation" directorySegmentName="seg_0" id="5610CDBD-A004-480B-2978-AF550DEF65B4" containerWithKeyObject="C85E7A24-4B89-3C48-55B3-53B301517034" localFKIndex="657C7887-84DF-F6AE-5347-812BAD2C2CEF" name="SYS_C007616">
<sourceConnName>OracleDocker</sourceConnName>
<sourceObjSchema>PRY2204_S9</sourceObjSchema>
<sourceObjName>SYS_C007616</sourceObjName>
<createdBy>rulz</createdBy>
<createdTime>2025-10-13 00:28:53 UTC</createdTime>
<ownerDesignName>CA_SA</ownerDesignName>
<referredTableLongName>PRY2204_S9.COMUNA</referredTableLongName>
<deleteRule>NO ACTION</deleteRule>
<referredTableID>4DCAA68F-1B33-4CE0-A351-51CD0DA61115</referredTableID>
<keyObject>48236B7D-DA4F-9604-3370-B6AF15DA17A9</keyObject>
<referredKeyID>48236B7D-DA4F-9604-3370-B6AF15DA17A9</referredKeyID>
<mandatory>true</mandatory>
<refColNames>ID_COMUNA</refColNames>
<transferable>true</transferable>
<rely>false</rely>
<columnDependencyConstraintGenerateInDDL>true</columnDependencyConstraintGenerateInDDL>
</FKIndexAssociation>