<?xml version = '1.0' encoding = 'UTF-8'?>
<FKIndexAssociation class="oracle.dbtools.crest.model.design.relational.FKIndexAssociation" directorySegmentName="seg_0" id="6D9CEB77-71A0-E7ED-7480-77D3D7869E7D" containerWithKeyObject="9FD3CA3E-21EA-64AD-2480-CEDB95C2A932" localFKIndex="92173B72-5383-57EF-A075-44E7E3B92414" name="SYS_C007626">
<sourceConnName>OracleDocker</sourceConnName>
<sourceObjSchema>PRY2204_S9</sourceObjSchema>
<sourceObjName>SYS_C007626</sourceObjName>
<createdBy>rulz</createdBy>
<createdTime>2025-10-13 00:28:53 UTC</createdTime>
<ownerDesignName>CA_SA</ownerDesignName>
<referredTableLongName>PRY2204_S9.TIPO_MAQUINA</referredTableLongName>
<deleteRule>NO ACTION</deleteRule>
<referredTableID>54344B8F-95F6-2FD2-D082-C781EAE8D948</referredTableID>
<keyObject>A5A54821-1B6E-E689-3C23-11D880179EE2</keyObject>
<referredKeyID>A5A54821-1B6E-E689-3C23-11D880179EE2</referredKeyID>
<mandatory>true</mandatory>
<refColNames>ID_TIPO_MAQUINA</refColNames>
<transferable>true</transferable>
<rely>false</rely>
<columnDependencyConstraintGenerateInDDL>true</columnDependencyConstraintGenerateInDDL>
</FKIndexAssociation>