<?xml version = '1.0' encoding = 'UTF-8'?>
<FKIndexAssociation class="oracle.dbtools.crest.model.design.relational.FKIndexAssociation" directorySegmentName="seg_0" id="84E9D405-BE87-6CA2-AE5A-C0B9658E0443" containerWithKeyObject="ADA242A1-E0EC-8710-D773-76B9EC3890FC" localFKIndex="3909A04F-A3E8-A234-438B-82485695040D" name="SYS_C007634">
<sourceConnName>OracleDocker</sourceConnName>
<sourceObjSchema>PRY2204_S9</sourceObjSchema>
<sourceObjName>SYS_C007634</sourceObjName>
<createdBy>rulz</createdBy>
<createdTime>2025-10-13 00:28:53 UTC</createdTime>
<ownerDesignName>CA_SA</ownerDesignName>
<referredTableLongName>PRY2204_S9.MAQUINA</referredTableLongName>
<deleteRule>NO ACTION</deleteRule>
<referredTableID>9FD3CA3E-21EA-64AD-2480-CEDB95C2A932</referredTableID>
<keyObject>F9E32549-EBD1-5633-AB7B-A25B99AE0509</keyObject>
<referredKeyID>F9E32549-EBD1-5633-AB7B-A25B99AE0509</referredKeyID>
<mandatory>true</mandatory>
<refColNames>ID_MAQUINA</refColNames>
<transferable>true</transferable>
<rely>false</rely>
<columnDependencyConstraintGenerateInDDL>true</columnDependencyConstraintGenerateInDDL>
</FKIndexAssociation>