<?xml version = '1.0' encoding = 'UTF-8'?>
<FKIndexAssociation class="oracle.dbtools.crest.model.design.relational.FKIndexAssociation" directorySegmentName="seg_0" id="9DBDD7BF-D0D7-39A3-9938-722A6C85CC80" containerWithKeyObject="CBB8C30C-7168-F1D4-3C48-B96F48F46227" localFKIndex="01BD581F-AF81-0089-1CF4-BAC0BB2D9600" name="SYS_C007639">
<sourceConnName>OracleDocker</sourceConnName>
<sourceObjSchema>PRY2204_S9</sourceObjSchema>
<sourceObjName>SYS_C007639</sourceObjName>
<createdBy>rulz</createdBy>
<createdTime>2025-10-13 00:28:53 UTC</createdTime>
<ownerDesignName>CA_SA</ownerDesignName>
<referredTableLongName>PRY2204_S9.TURNO</referredTableLongName>
<deleteRule>NO ACTION</deleteRule>
<referredTableID>708049D2-9E33-9DAC-EE62-5080BDDAF079</referredTableID>
<keyObject>C9AAA08C-25E1-68AA-AAB9-9013D0A1CF61</keyObject>
<referredKeyID>C9AAA08C-25E1-68AA-AAB9-9013D0A1CF61</referredKeyID>
<mandatory>true</mandatory>
<refColNames>ID_TURNO</refColNames>
<transferable>true</transferable>
<rely>false</rely>
<columnDependencyConstraintGenerateInDDL>true</columnDependencyConstraintGenerateInDDL>
</FKIndexAssociation>