<?xml version = '1.0' encoding = 'UTF-8'?>
<relationalModel class="oracle.dbtools.crest.model.design.relational.RelationalDesign" name="Relational_1" id="1262A34D-36D4-0223-9377-839F2B346F51" mainViewID="F87803F0-0FC5-D21E-D64C-17175DDAD33B">
<createdBy>rulz</createdBy>
<createdTime>2025-10-13 00:27:06 UTC</createdTime>
<ownerDesignName>CA_SA</ownerDesignName>
<shouldBeOpen>false</shouldBeOpen>
<selectedRDBMSSite>79C73AAF-E1A7-E669-7DF0-025EE81A2AFC</selectedRDBMSSite>
<importConnectionStamps>
<importConnectionStamp class="oracle.dbtools.crest.imports.DBConnectionStamp">
<connName>OracleDocker</connName>
<connUser>sys</connUser>
<connType>1</connType>
</importConnectionStamp>
</importConnectionStamps>
</relationalModel>