<?xml version = '1.0' encoding = 'UTF-8'?>
<Diagram class="oracle.dbtools.crest.swingui.relational.DPVRelational" name="Relational_1" id="F87803F0-0FC5-D21E-D64C-17175DDAD33B">
<createdBy>rulz</createdBy>
<modifiedBy>rulz</modifiedBy>
<createdTime>2025-10-13 00:28:51 UTC</createdTime>
<autoRoute>false</autoRoute>
<boxInbox>true</boxInbox>
<showLegend>false</showLegend>
<showLabels>false</showLabels>
<showRelAttributes>false</showRelAttributes>
<gridEnabled>false</gridEnabled>
<showGrid>false</showGrid>
<diagramColor>-1</diagramColor>
<display>false</display>
<notation>1</notation>
<objectViews>
<OView class="oracle.dbtools.crest.swingui.relational.TVTable" oid="4DCAA68F-1B33-4CE0-A351-51CD0DA61115" otype="Table" vid="ADCD71D5-D22E-FA86-8C97-D688F7E74B9F">
<hideElementsInCurrentOnly>false</hideElementsInCurrentOnly>
<bounds x="14" y="287" width="250" height="102"/>
</OView>
<OView class="oracle.dbtools.crest.swingui.relational.TVTable" oid="53F632EC-B5A9-93ED-CB05-5080C9A5374A" otype="Table" vid="D6FF6DBD-BA6B-AC5D-DC65-8D03D75414DA">
<hideElementsInCurrentOnly>false</hideElementsInCurrentOnly>
<bounds x="300" y="289" width="241" height="83"/>
</OView>
<OView class="oracle.dbtools.crest.swingui.relational.TVTable" oid="54344B8F-95F6-2FD2-D082-C781EAE8D948" otype="Table" vid="0C9E3C36-4360-F5F0-FC3B-3F783E3D6F6A">
<hideElementsInCurrentOnly>false</hideElementsInCurrentOnly>
<bounds x="17" y="534" width="256" height="83"/>
</OView>
<OView class="oracle.dbtools.crest.swingui.relational.TVTable" oid="5928418F-44CB-CE25-F87A-157E5D368575" otype="Table" vid="FA12E08D-9B17-F243-DCB8-F54746C225A6">
<hideElementsInCurrentOnly>false</hideElementsInCurrentOnly>
<bounds x="16" y="164" width="263" height="102"/>
</OView>
<OView class="oracle.dbtools.crest.swingui.relational.TVTable" oid="708049D2-9E33-9DAC-EE62-5080BDDAF079" otype="Table" vid="717B196C-8364-9FC8-910B-50E791602AC2">
<hideElementsInCurrentOnly>false</hideElementsInCurrentOnly>
<bounds x="338" y="20" width="239" height="96"/>
</OView>
<OView class="oracle.dbtools.crest.swingui.relational.TVTable" oid="9FD3CA3E-21EA-64AD-2480-CEDB95C2A932" otype="Table" vid="48B9D81D-D79C-E57E-9256-8D3D09B1A08C">
<hideElementsInCurrentOnly>false</hideElementsInCurrentOnly>
<bounds x="270" y="404" width="250" height="102"/>
</OView>
<OView class="oracle.dbtools.crest.swingui.relational.TVTable" oid="ADA242A1-E0EC-8710-D773-76B9EC3890FC" otype="Table" vid="4318C7BC-BCEB-E4F7-BD56-F44D4128393B">
<hideElementsInCurrentOnly>false</hideElementsInCurrentOnly>
<bounds x="10" y="409" width="216" height="102"/>
</OView>
<OView class="oracle.dbtools.crest.swingui.relational.TVTable" oid="C85E7A24-4B89-3C48-55B3-53B301517034" otype="Table" vid="71883BEE-7319-D6B8-1E84-D16C557CEBA5">
<hideElementsInCurrentOnly>false</hideElementsInCurrentOnly>
<bounds x="340" y="146" width="243" height="102"/>
</OView>
<OView class="oracle.dbtools.crest.swingui.relational.TVTable" oid="CBB8C30C-7168-F1D4-3C48-B96F48F46227" otype="Table" vid="357F6FF4-8F66-2B11-A916-1B0D87243C3D">
<hideElementsInCurrentOnly>false</hideElementsInCurrentOnly>
<bounds x="20" y="20" width="238" height="115"/>
</OView>
</objectViews>
<connectors>
<Connector class="oracle.dbtools.crest.swingui.relational.TVFKRelation" oid="049804C4-B2AC-04C7-8A29-E078C6F3D144" otype="FKIndexAssociation" vid_source="D6FF6DBD-BA6B-AC5D-DC65-8D03D75414DA" vid_target="ADCD71D5-D22E-FA86-8C97-D688F7E74B9F">
<hideElementsInCurrentOnly>false</hideElementsInCurrentOnly>
<backgroundColor>-16777216</backgroundColor>
<lineWidth>1</lineWidth>
<points>
<point x="300" y="330"/>
<point x="264" y="330"/>
</points>
</Connector>
<Connector class="oracle.dbtools.crest.swingui.relational.TVFKRelation" oid="0ED96B8A-ED20-AC64-8013-788701CFA014" otype="FKIndexAssociation" vid_source="71883BEE-7319-D6B8-1E84-D16C557CEBA5" vid_target="FA12E08D-9B17-F243-DCB8-F54746C225A6">
<hideElementsInCurrentOnly>false</hideElementsInCurrentOnly>
<backgroundColor>-16777216</backgroundColor>
<lineWidth>1</lineWidth>
<points>
<point x="340" y="206"/>
<point x="279" y="206"/>
</points>
</Connector>
<Connector class="oracle.dbtools.crest.swingui.relational.TVFKRelation" oid="16A5731A-4B7F-805B-DD6D-CEA32EE4368A" otype="FKIndexAssociation" vid_source="FA12E08D-9B17-F243-DCB8-F54746C225A6" vid_target="357F6FF4-8F66-2B11-A916-1B0D87243C3D">
<hideElementsInCurrentOnly>false</hideElementsInCurrentOnly>
<backgroundColor>-16777216</backgroundColor>
<lineWidth>1</lineWidth>
<points>
<point x="139" y="164"/>
<point x="139" y="135"/>
</points>
</Connector>
<Connector class="oracle.dbtools.crest.swingui.relational.TVFKRelation" oid="5610CDBD-A004-480B-2978-AF550DEF65B4" otype="FKIndexAssociation" vid_source="ADCD71D5-D22E-FA86-8C97-D688F7E74B9F" vid_target="71883BEE-7319-D6B8-1E84-D16C557CEBA5">
<hideElementsInCurrentOnly>false</hideElementsInCurrentOnly>
<backgroundColor>-16777216</backgroundColor>
<lineWidth>1</lineWidth>
<points>
<point x="255" y="287"/>
<point x="344" y="248"/>
</points>
</Connector>
<Connector class="oracle.dbtools.crest.swingui.relational.TVFKRelation" oid="6D9CEB77-71A0-E7ED-7480-77D3D7869E7D" otype="FKIndexAssociation" vid_source="0C9E3C36-4360-F5F0-FC3B-3F783E3D6F6A" vid_target="48B9D81D-D79C-E57E-9256-8D3D09B1A08C">
<hideElementsInCurrentOnly>false</hideElementsInCurrentOnly>
<backgroundColor>-16777216</backgroundColor>
<lineWidth>1</lineWidth>
<points>
<point x="271" y="534"/>
<point x="271" y="506"/>
</points>
</Connector>
<Connector class="oracle.dbtools.crest.swingui.relational.TVFKRelation" oid="84E9D405-BE87-6CA2-AE5A-C0B9658E0443" otype="FKIndexAssociation" vid_source="48B9D81D-D79C-E57E-9256-8D3D09B1A08C" vid_target="4318C7BC-BCEB-E4F7-BD56-F44D4128393B">
<hideElementsInCurrentOnly>false</hideElementsInCurrentOnly>
<backgroundColor>-16777216</backgroundColor>
<lineWidth>1</lineWidth>
<points>
<point x="270" y="457"/>
<point x="226" y="457"/>
</points>
</Connector>
<Connector class="oracle.dbtools.crest.swingui.relational.TVFKRelation" oid="9DBDD7BF-D0D7-39A3-9938-722A6C85CC80" otype="FKIndexAssociation" vid_source="717B196C-8364-9FC8-910B-50E791602AC2" vid_target="357F6FF4-8F66-2B11-A916-1B0D87243C3D">
<hideElementsInCurrentOnly>false</hideElementsInCurrentOnly>
<backgroundColor>-16777216</backgroundColor>
<lineWidth>1</lineWidth>
<points>
<point x="338" y="68"/>
<point x="258" y="68"/>
</points>
</Connector>
</connectors>
</Diagram>