<?xml version = '1.0' encoding = 'UTF-8'?>
<SegmentOraclev10g class="oracle.dbtools.crest.model.design.storage.oracle.v10g.SegmentOraclev10g" name="Storage11" directorySegmentName="seg_0" id="3EE36158-A747-E319-8B5E-062FE5D43561">
<createdBy>rulz</createdBy>
<createdTime>2025-10-13 00:28:52 UTC</createdTime>
<ownerDesignName>CA_SA</ownerDesignName>
<initrans>2</initrans>
<maxTrans>255</maxTrans>
<scInitialExtent>65536</scInitialExtent>
<scMaxExtents>2147483645</scMaxExtents>
<scNextExtent>1048576</scNextExtent>
</SegmentOraclev10g>