<?xml version = '1.0' encoding = 'UTF-8'?>
<Table class="oracle.dbtools.crest.model.design.relational.Table" directorySegmentName="seg_0" id="4DCAA68F-1B33-4CE0-A351-51CD0DA61115" schemaObject="60AA4155-4E0A-1655-3DDF-F12679C44D3C" name="COMUNA">
<sourceConnName>OracleDocker</sourceConnName>
<sourceObjSchema>PRY2204_S9</sourceObjSchema>
<sourceObjName>COMUNA</sourceObjName>
<createdBy>rulz</createdBy>
<createdTime>2025-10-13 00:28:52 UTC</createdTime>
<ownerDesignName>CA_SA</ownerDesignName>
<allowColumnReorder>false</allowColumnReorder>
<existDependencyGenerateInDDl>true</existDependencyGenerateInDDl>
<parsed>true</parsed>
<columns itemClass="oracle.dbtools.crest.model.design.relational.Column">
<Column name="ID_COMUNA" id="09873128-D118-4B75-113A-0EB3B12F89DE">
<sourceConnName>OracleDocker</sourceConnName>
<sourceObjSchema>COMUNA</sourceObjSchema>
<sourceObjName>ID_COMUNA</sourceObjName>
<createdBy>rulz</createdBy>
<createdTime>2025-10-13 00:28:52 UTC</createdTime>
<ownerDesignName>CA_SA</ownerDesignName>
<useDomainConstraints>false</useDomainConstraints>
<use>1</use>
<logicalDatatype>LOGDT019</logicalDatatype>
<ownDataTypeParameters>,,</ownDataTypeParameters>
<autoIncrementColumn>true</autoIncrementColumn>
<identityColumn>true</identityColumn>
<autoIncrementGenerateAlways>true</autoIncrementGenerateAlways>
<autoIncrementCycle>false</autoIncrementCycle>
<autoIncrementDisableCache>false</autoIncrementDisableCache>
<autoIncrementCache>20</autoIncrementCache>
<autoIncrementOrder>false</autoIncrementOrder>
</Column>
<Column name="NOMBRE_COMUNA" id="41A4F148-ADDE-653E-F604-70E202E9AFF7">
<sourceConnName>OracleDocker</sourceConnName>
<sourceObjSchema>COMUNA</sourceObjSchema>
<sourceObjName>NOMBRE_COMUNA</sourceObjName>
<createdBy>rulz</createdBy>
<createdTime>2025-10-13 00:28:52 UTC</createdTime>
<ownerDesignName>CA_SA</ownerDesignName>
<useDomainConstraints>false</useDomainConstraints>
<use>1</use>
<logicalDatatype>LOGDT024</logicalDatatype>
<dataTypeSize>50 BYTE</dataTypeSize>
<ownDataTypeParameters>50 BYTE,,</ownDataTypeParameters>
<autoIncrementCycle>false</autoIncrementCycle>
</Column>
<Column name="ID_REGION" id="7EADD5ED-7EDF-A83C-E512-3BD26A2401A9">
<sourceConnName>OracleDocker</sourceConnName>
<sourceObjSchema>COMUNA</sourceObjSchema>
<sourceObjName>ID_REGION</sourceObjName>
<createdBy>rulz</createdBy>
<createdTime>2025-10-13 00:28:52 UTC</createdTime>
<ownerDesignName>CA_SA</ownerDesignName>
<useDomainConstraints>false</useDomainConstraints>
<use>1</use>
<logicalDatatype>LOGDT019</logicalDatatype>
<ownDataTypeParameters>,,</ownDataTypeParameters>
<autoIncrementCycle>false</autoIncrementCycle>
<associations>
<colAssociation fkAssociation="049804C4-B2AC-04C7-8A29-E078C6F3D144" referredColumn="A9ED1BC2-6076-46D5-294B-94A8FB0D38F1"/>
</associations>
</Column>
</columns>
<indexes itemClass="oracle.dbtools.crest.model.design.relational.Index">
<ind_PK_UK id="48236B7D-DA4F-9604-3370-B6AF15DA17A9" schemaObject="60AA4155-4E0A-1655-3DDF-F12679C44D3C" name="COMUNA_PK">
<sourceConnName>OracleDocker</sourceConnName>
<sourceObjSchema>PRY2204_S9</sourceObjSchema>
<sourceObjName>SYS_C007611</sourceObjName>
<createdBy>rulz</createdBy>
<createdTime>2025-10-13 00:28:52 UTC</createdTime>
<ownerDesignName>CA_SA</ownerDesignName>
<pk>true</pk>
<indexState>Primary Constraint</indexState>
<isSurrogateKey>false</isSurrogateKey>
<indexColumnUsage>
<colUsage columnID="09873128-D118-4B75-113A-0EB3B12F89DE"/>
</indexColumnUsage>
</ind_PK_UK>
<ind_PK_UK id="FFDD84A3-500C-C8A1-C4F4-49D2481BFAB2" name="SYS_C007612">
<createdBy>rulz</createdBy>
<createdTime>2025-10-13 00:28:53 UTC</createdTime>
<ownerDesignName>CA_SA</ownerDesignName>
<indexState>Foreign Key</indexState>
<isSurrogateKey>false</isSurrogateKey>
<indexColumnUsage>
<colUsage columnID="7EADD5ED-7EDF-A83C-E512-3BD26A2401A9"/>
</indexColumnUsage>
</ind_PK_UK>
</indexes>
</Table>