<?xml version = '1.0' encoding = 'UTF-8'?>
<Table class="oracle.dbtools.crest.model.design.relational.Table" directorySegmentName="seg_0" id="53F632EC-B5A9-93ED-CB05-5080C9A5374A" schemaObject="60AA4155-4E0A-1655-3DDF-F12679C44D3C" name="REGION">
<sourceConnName>OracleDocker</sourceConnName>
<sourceObjSchema>PRY2204_S9</sourceObjSchema>
<sourceObjName>REGION</sourceObjName>
<createdBy>rulz</createdBy>
<createdTime>2025-10-13 00:28:52 UTC</createdTime>
<ownerDesignName>CA_SA</ownerDesignName>
<allowColumnReorder>false</allowColumnReorder>
<existDependencyGenerateInDDl>true</existDependencyGenerateInDDl>
<parsed>true</parsed>
<columns itemClass="oracle.dbtools.crest.model.design.relational.Column">
<Column name="ID_REGION" id="A9ED1BC2-6076-46D5-294B-94A8FB0D38F1">
<sourceConnName>OracleDocker</sourceConnName>
<sourceObjSchema>REGION</sourceObjSchema>
<sourceObjName>ID_REGION</sourceObjName>
<createdBy>rulz</createdBy>
<createdTime>2025-10-13 00:28:52 UTC</createdTime>
<ownerDesignName>CA_SA</ownerDesignName>
<useDomainConstraints>false</useDomainConstraints>
<use>1</use>
<logicalDatatype>LOGDT019</logicalDatatype>
<ownDataTypeParameters>,,</ownDataTypeParameters>
<autoIncrementCycle>false</autoIncrementCycle>
</Column>
<Column name="NOMBRE_REGION" id="77F01E4C-5B16-C8E1-5077-4AE1464DE2EE">
<sourceConnName>OracleDocker</sourceConnName>
<sourceObjSchema>REGION</sourceObjSchema>
<sourceObjName>NOMBRE_REGION</sourceObjName>
<createdBy>rulz</createdBy>
<createdTime>2025-10-13 00:28:52 UTC</createdTime>
<ownerDesignName>CA_SA</ownerDesignName>
<useDomainConstraints>false</useDomainConstraints>
<use>1</use>
<logicalDatatype>LOGDT024</logicalDatatype>
<dataTypeSize>50 BYTE</dataTypeSize>
<ownDataTypeParameters>50 BYTE,,</ownDataTypeParameters>
<autoIncrementCycle>false</autoIncrementCycle>
</Column>
<Column name="CODIGO_REGION" id="25A58401-041D-279F-36C4-4525D5C15855">
<sourceConnName>OracleDocker</sourceConnName>
<sourceObjSchema>REGION</sourceObjSchema>
<sourceObjName>CODIGO_REGION</sourceObjName>
<createdBy>rulz</createdBy>
<createdTime>2025-10-13 00:28:52 UTC</createdTime>
<ownerDesignName>CA_SA</ownerDesignName>
<useDomainConstraints>false</useDomainConstraints>
<use>1</use>
<logicalDatatype>LOGDT025</logicalDatatype>
<dataTypeSize>5 BYTE</dataTypeSize>
<ownDataTypeParameters>5 BYTE,,</ownDataTypeParameters>
<autoIncrementCycle>false</autoIncrementCycle>
</Column>
</columns>
<indexes itemClass="oracle.dbtools.crest.model.design.relational.Index">
<ind_PK_UK id="C6864187-9193-22D6-EDCC-37A2EFBAA45B" schemaObject="60AA4155-4E0A-1655-3DDF-F12679C44D3C" name="REGION_PK">
<sourceConnName>OracleDocker</sourceConnName>
<sourceObjSchema>PRY2204_S9</sourceObjSchema>
<sourceObjName>SYS_C007607</sourceObjName>
<createdBy>rulz</createdBy>
<createdTime>2025-10-13 00:28:52 UTC</createdTime>
<ownerDesignName>CA_SA</ownerDesignName>
<pk>true</pk>
<indexState>Primary Constraint</indexState>
<isSurrogateKey>false</isSurrogateKey>
<indexColumnUsage>
<colUsage columnID="A9ED1BC2-6076-46D5-294B-94A8FB0D38F1"/>
</indexColumnUsage>
</ind_PK_UK>
</indexes>
</Table>