<?xml version = '1.0' encoding = 'UTF-8'?>
<Table class="oracle.dbtools.crest.model.design.relational.Table" directorySegmentName="seg_0" id="5928418F-44CB-CE25-F87A-157E5D368575" schemaObject="60AA4155-4E0A-1655-3DDF-F12679C44D3C" name="EMPLEADO">
<sourceConnName>OracleDocker</sourceConnName>
<sourceObjSchema>PRY2204_S9</sourceObjSchema>
<sourceObjName>EMPLEADO</sourceObjName>
<createdBy>rulz</createdBy>
<createdTime>2025-10-13 00:28:52 UTC</createdTime>
<ownerDesignName>CA_SA</ownerDesignName>
<allowColumnReorder>false</allowColumnReorder>
<existDependencyGenerateInDDl>true</existDependencyGenerateInDDl>
<parsed>true</parsed>
<columns itemClass="oracle.dbtools.crest.model.design.relational.Column">
<Column name="ID_EMPLEADO" id="897FBDAA-DF6A-E1A9-5964-3C635E227B6B">
<sourceConnName>OracleDocker</sourceConnName>
<sourceObjSchema>EMPLEADO</sourceObjSchema>
<sourceObjName>ID_EMPLEADO</sourceObjName>
<createdBy>rulz</createdBy>
<createdTime>2025-10-13 00:28:52 UTC</createdTime>
<ownerDesignName>CA_SA</ownerDesignName>
<useDomainConstraints>false</useDomainConstraints>
<use>1</use>
<logicalDatatype>LOGDT019</logicalDatatype>
<ownDataTypeParameters>,,</ownDataTypeParameters>
<autoIncrementCycle>false</autoIncrementCycle>
</Column>
<Column name="NOMBRE_EMPLEADO" id="0F751CB0-0A6E-8D6C-9C2A-E9CBFE7E42B9">
<sourceConnName>OracleDocker</sourceConnName>
<sourceObjSchema>EMPLEADO</sourceObjSchema>
<sourceObjName>NOMBRE_EMPLEADO</sourceObjName>
<createdBy>rulz</createdBy>
<createdTime>2025-10-13 00:28:52 UTC</createdTime>
<ownerDesignName>CA_SA</ownerDesignName>
<useDomainConstraints>false</useDomainConstraints>
<use>1</use>
<logicalDatatype>LOGDT024</logicalDatatype>
<dataTypeSize>100 BYTE</dataTypeSize>
<ownDataTypeParameters>100 BYTE,,</ownDataTypeParameters>
<autoIncrementCycle>false</autoIncrementCycle>
</Column>
<Column name="ID_PLANTA" id="3C499EDD-AEA4-CBE7-0342-7B3E51C22923">
<sourceConnName>OracleDocker</sourceConnName>
<sourceObjSchema>EMPLEADO</sourceObjSchema>
<sourceObjName>ID_PLANTA</sourceObjName>
<createdBy>rulz</createdBy>
<createdTime>2025-10-13 00:28:52 UTC</createdTime>
<ownerDesignName>CA_SA</ownerDesignName>
<useDomainConstraints>false</useDomainConstraints>
<use>1</use>
<logicalDatatype>LOGDT019</logicalDatatype>
<ownDataTypeParameters>,,</ownDataTypeParameters>
<autoIncrementCycle>false</autoIncrementCycle>
<associations>
<colAssociation fkAssociation="0ED96B8A-ED20-AC64-8013-788701CFA014" referredColumn="A66E2C2F-6EBC-E6AF-3F31-83869F02940F"/>
</associations>
</Column>
</columns>
<indexes itemClass="oracle.dbtools.crest.model.design.relational.Index">
<ind_PK_UK id="78D1BD69-3612-5B61-B6D6-DF27761D8977" schemaObject="60AA4155-4E0A-1655-3DDF-F12679C44D3C" name="EMPLEADO_PK">
<sourceConnName>OracleDocker</sourceConnName>
<sourceObjSchema>PRY2204_S9</sourceObjSchema>
<sourceObjName>SYS_C007619</sourceObjName>
<createdBy>rulz</createdBy>
<createdTime>2025-10-13 00:28:52 UTC</createdTime>
<ownerDesignName>CA_SA</ownerDesignName>
<pk>true</pk>
<indexState>Primary Constraint</indexState>
<isSurrogateKey>false</isSurrogateKey>
<indexColumnUsage>
<colUsage columnID="897FBDAA-DF6A-E1A9-5964-3C635E227B6B"/>
</indexColumnUsage>
</ind_PK_UK>
<ind_PK_UK id="F3111E12-0C41-0A85-6102-F1DD129493BA" name="SYS_C007620">
<createdBy>rulz</createdBy>
<createdTime>2025-10-13 00:28:53 UTC</createdTime>
<ownerDesignName>CA_SA</ownerDesignName>
<indexState>Foreign Key</indexState>
<isSurrogateKey>false</isSurrogateKey>
<indexColumnUsage>
<colUsage columnID="3C499EDD-AEA4-CBE7-0342-7B3E51C22923"/>
</indexColumnUsage>
</ind_PK_UK>
</indexes>
</Table>