<?xml version = '1.0' encoding = 'UTF-8'?>
<Table class="oracle.dbtools.crest.model.design.relational.Table" directorySegmentName="seg_0" id="9FD3CA3E-21EA-64AD-2480-CEDB95C2A932" schemaObject="60AA4155-4E0A-1655-3DDF-F12679C44D3C" name="MAQUINA">
<sourceConnName>OracleDocker</sourceConnName>
<sourceObjSchema>PRY2204_S9</sourceObjSchema>
<sourceObjName>MAQUINA</sourceObjName>
<createdBy>rulz</createdBy>
<createdTime>2025-10-13 00:28:52 UTC</createdTime>
<ownerDesignName>CA_SA</ownerDesignName>
<allowColumnReorder>false</allowColumnReorder>
<existDependencyGenerateInDDl>true</existDependencyGenerateInDDl>
<parsed>true</parsed>
<columns itemClass="oracle.dbtools.crest.model.design.relational.Column">
<Column name="ID_MAQUINA" id="659B0CF6-A6B0-C8F4-266C-BF730BFA903A">
<sourceConnName>OracleDocker</sourceConnName>
<sourceObjSchema>MAQUINA</sourceObjSchema>
<sourceObjName>ID_MAQUINA</sourceObjName>
<createdBy>rulz</createdBy>
<createdTime>2025-10-13 00:28:52 UTC</createdTime>
<ownerDesignName>CA_SA</ownerDesignName>
<useDomainConstraints>false</useDomainConstraints>
<use>1</use>
<logicalDatatype>LOGDT019</logicalDatatype>
<ownDataTypeParameters>,,</ownDataTypeParameters>
<autoIncrementCycle>false</autoIncrementCycle>
</Column>
<Column name="NOMBRE_MAQUINA" id="30CAAD57-E562-B66F-23F3-F130D898BEC8">
<sourceConnName>OracleDocker</sourceConnName>
<sourceObjSchema>MAQUINA</sourceObjSchema>
<sourceObjName>NOMBRE_MAQUINA</sourceObjName>
<createdBy>rulz</createdBy>
<createdTime>2025-10-13 00:28:52 UTC</createdTime>
<ownerDesignName>CA_SA</ownerDesignName>
<useDomainConstraints>false</useDomainConstraints>
<use>1</use>
<logicalDatatype>LOGDT024</logicalDatatype>
<dataTypeSize>50 BYTE</dataTypeSize>
<ownDataTypeParameters>50 BYTE,,</ownDataTypeParameters>
<autoIncrementCycle>false</autoIncrementCycle>
</Column>
<Column name="ID_TIPO_MAQUINA" id="8AFE0BBE-ED62-86F0-0925-A39323F038D6">
<sourceConnName>OracleDocker</sourceConnName>
<sourceObjSchema>MAQUINA</sourceObjSchema>
<sourceObjName>ID_TIPO_MAQUINA</sourceObjName>
<createdBy>rulz</createdBy>
<createdTime>2025-10-13 00:28:52 UTC</createdTime>
<ownerDesignName>CA_SA</ownerDesignName>
<useDomainConstraints>false</useDomainConstraints>
<use>1</use>
<logicalDatatype>LOGDT019</logicalDatatype>
<ownDataTypeParameters>,,</ownDataTypeParameters>
<autoIncrementCycle>false</autoIncrementCycle>
<associations>
<colAssociation fkAssociation="6D9CEB77-71A0-E7ED-7480-77D3D7869E7D" referredColumn="FF99D371-792D-4506-212E-BE979D7DB67D"/>
</associations>
</Column>
</columns>
<indexes itemClass="oracle.dbtools.crest.model.design.relational.Index">
<ind_PK_UK id="F9E32549-EBD1-5633-AB7B-A25B99AE0509" schemaObject="60AA4155-4E0A-1655-3DDF-F12679C44D3C" name="MAQUINA_PK">
<sourceConnName>OracleDocker</sourceConnName>
<sourceObjSchema>PRY2204_S9</sourceObjSchema>
<sourceObjName>SYS_C007625</sourceObjName>
<createdBy>rulz</createdBy>
<createdTime>2025-10-13 00:28:52 UTC</createdTime>
<ownerDesignName>CA_SA</ownerDesignName>
<pk>true</pk>
<indexState>Primary Constraint</indexState>
<isSurrogateKey>false</isSurrogateKey>
<indexColumnUsage>
<colUsage columnID="659B0CF6-A6B0-C8F4-266C-BF730BFA903A"/>
</indexColumnUsage>
</ind_PK_UK>
<ind_PK_UK id="92173B72-5383-57EF-A075-44E7E3B92414" name="SYS_C007626">
<createdBy>rulz</createdBy>
<createdTime>2025-10-13 00:28:53 UTC</createdTime>
<ownerDesignName>CA_SA</ownerDesignName>
<indexState>Foreign Key</indexState>
<isSurrogateKey>false</isSurrogateKey>
<indexColumnUsage>
<colUsage columnID="8AFE0BBE-ED62-86F0-0925-A39323F038D6"/>
</indexColumnUsage>
</ind_PK_UK>
</indexes>
</Table>