<?xml version = '1.0' encoding = 'UTF-8'?>
<Table class="oracle.dbtools.crest.model.design.relational.Table" directorySegmentName="seg_0" id="ADA242A1-E0EC-8710-D773-76B9EC3890FC" schemaObject="60AA4155-4E0A-1655-3DDF-F12679C44D3C" name="ORDEN_MANTENCION">
<sourceConnName>OracleDocker</sourceConnName>
<sourceObjSchema>PRY2204_S9</sourceObjSchema>
<sourceObjName>ORDEN_MANTENCION</sourceObjName>
<createdBy>rulz</createdBy>
<createdTime>2025-10-13 00:28:52 UTC</createdTime>
<ownerDesignName>CA_SA</ownerDesignName>
<allowColumnReorder>false</allowColumnReorder>
<existDependencyGenerateInDDl>true</existDependencyGenerateInDDl>
<parsed>true</parsed>
<columns itemClass="oracle.dbtools.crest.model.design.relational.Column">
<Column name="ID_ORDEN" id="5AE04C6E-CDFE-B6D3-D8A2-36C5125BDCFB">
<sourceConnName>OracleDocker</sourceConnName>
<sourceObjSchema>ORDEN_MANTENCION</sourceObjSchema>
<sourceObjName>ID_ORDEN</sourceObjName>
<createdBy>rulz</createdBy>
<createdTime>2025-10-13 00:28:52 UTC</createdTime>
<ownerDesignName>CA_SA</ownerDesignName>
<useDomainConstraints>false</useDomainConstraints>
<use>1</use>
<logicalDatatype>LOGDT019</logicalDatatype>
<ownDataTypeParameters>,,</ownDataTypeParameters>
<autoIncrementCycle>false</autoIncrementCycle>
</Column>
<Column name="FECHA_ORDEN" id="CB248748-F981-421B-659C-35404EF6408C">
<sourceConnName>OracleDocker</sourceConnName>
<sourceObjSchema>ORDEN_MANTENCION</sourceObjSchema>
<sourceObjName>FECHA_ORDEN</sourceObjName>
<createdBy>rulz</createdBy>
<createdTime>2025-10-13 00:28:52 UTC</createdTime>
<ownerDesignName>CA_SA</ownerDesignName>
<useDomainConstraints>false</useDomainConstraints>
<use>1</use>
<logicalDatatype>LOGDT007</logicalDatatype>
<dataTypeSize>7</dataTypeSize>
<ownDataTypeParameters>7,,</ownDataTypeParameters>
<autoIncrementCycle>false</autoIncrementCycle>
</Column>
<Column name="ID_MAQUINA" id="4DD0F267-0704-FBF4-BE66-D08AFB1AB091">
<sourceConnName>OracleDocker</sourceConnName>
<sourceObjSchema>ORDEN_MANTENCION</sourceObjSchema>
<sourceObjName>ID_MAQUINA</sourceObjName>
<createdBy>rulz</createdBy>
<createdTime>2025-10-13 00:28:52 UTC</createdTime>
<ownerDesignName>CA_SA</ownerDesignName>
<useDomainConstraints>false</useDomainConstraints>
<use>1</use>
<logicalDatatype>LOGDT019</logicalDatatype>
<ownDataTypeParameters>,,</ownDataTypeParameters>
<autoIncrementCycle>false</autoIncrementCycle>
<associations>
<colAssociation fkAssociation="84E9D405-BE87-6CA2-AE5A-C0B9658E0443" referredColumn="659B0CF6-A6B0-C8F4-266C-BF730BFA903A"/>
</associations>
</Column>
</columns>
<indexes itemClass="oracle.dbtools.crest.model.design.relational.Index">
<ind_PK_UK id="FD2FD3C3-9F27-FA54-A45F-2964F53696EB" schemaObject="60AA4155-4E0A-1655-3DDF-F12679C44D3C" name="ORDEN_MANTENCION_PK">
<sourceConnName>OracleDocker</sourceConnName>
<sourceObjSchema>PRY2204_S9</sourceObjSchema>
<sourceObjName>SYS_C007633</sourceObjName>
<createdBy>rulz</createdBy>
<createdTime>2025-10-13 00:28:52 UTC</createdTime>
<ownerDesignName>CA_SA</ownerDesignName>
<pk>true</pk>
<indexState>Primary Constraint</indexState>
<isSurrogateKey>false</isSurrogateKey>
<indexColumnUsage>
<colUsage columnID="5AE04C6E-CDFE-B6D3-D8A2-36C5125BDCFB"/>
</indexColumnUsage>
</ind_PK_UK>
<ind_PK_UK id="3909A04F-A3E8-A234-438B-82485695040D" name="SYS_C007634">
<createdBy>rulz</createdBy>
<createdTime>2025-10-13 00:28:53 UTC</createdTime>
<ownerDesignName>CA_SA</ownerDesignName>
<indexState>Foreign Key</indexState>
<isSurrogateKey>false</isSurrogateKey>
<indexColumnUsage>
<colUsage columnID="4DD0F267-0704-FBF4-BE66-D08AFB1AB091"/>
</indexColumnUsage>
</ind_PK_UK>
</indexes>
</Table>