<?xml version = '1.0' encoding = 'UTF-8'?>
<Table class="oracle.dbtools.crest.model.design.relational.Table" directorySegmentName="seg_0" id="C85E7A24-4B89-3C48-55B3-53B301517034" schemaObject="60AA4155-4E0A-1655-3DDF-F12679C44D3C" name="PLANTA">
<sourceConnName>OracleDocker</sourceConnName>
<sourceObjSchema>PRY2204_S9</sourceObjSchema>
<sourceObjName>PLANTA</sourceObjName>
<createdBy>rulz</createdBy>
<createdTime>2025-10-13 00:28:52 UTC</createdTime>
<ownerDesignName>CA_SA</ownerDesignName>
<allowColumnReorder>false</allowColumnReorder>
<existDependencyGenerateInDDl>true</existDependencyGenerateInDDl>
<parsed>true</parsed>
<columns itemClass="oracle.dbtools.crest.model.design.relational.Column">
<Column name="ID_PLANTA" id="A66E2C2F-6EBC-E6AF-3F31-83869F02940F">
<sourceConnName>OracleDocker</sourceConnName>
<sourceObjSchema>PLANTA</sourceObjSchema>
<sourceObjName>ID_PLANTA</sourceObjName>
<createdBy>rulz</createdBy>
<createdTime>2025-10-13 00:28:52 UTC</createdTime>
<ownerDesignName>CA_SA</ownerDesignName>
<useDomainConstraints>false</useDomainConstraints>
<use>1</use>
<logicalDatatype>LOGDT019</logicalDatatype>
<ownDataTypeParameters>,,</ownDataTypeParameters>
<autoIncrementCycle>false</autoIncrementCycle>
</Column>
<Column name="NOMBRE_PLANTA" id="52B52A3E-9E59-777D-F425-BD670783B3EB">
<sourceConnName>OracleDocker</sourceConnName>
<sourceObjSchema>PLANTA</sourceObjSchema>
<sourceObjName>NOMBRE_PLANTA</sourceObjName>
<createdBy>rulz</createdBy>
<createdTime>2025-10-13 00:28:52 UTC</createdTime>
<ownerDesignName>CA_SA</ownerDesignName>
<useDomainConstraints>false</useDomainConstraints>
<use>1</use>
<logicalDatatype>LOGDT024</logicalDatatype>
<dataTypeSize>50 BYTE</dataTypeSize>
<ownDataTypeParameters>50 BYTE,,</ownDataTypeParameters>
<autoIncrementCycle>false</autoIncrementCycle>
</Column>
<Column name="ID_COMUNA" id="4E2D96EC-7701-1388-03C3-BEFBB769A721">
<sourceConnName>OracleDocker</sourceConnName>
<sourceObjSchema>PLANTA</sourceObjSchema>
<sourceObjName>ID_COMUNA</sourceObjName>
<createdBy>rulz</createdBy>
<createdTime>2025-10-13 00:28:52 UTC</createdTime>
<ownerDesignName>CA_SA</ownerDesignName>
<useDomainConstraints>false</useDomainConstraints>
<use>1</use>
<logicalDatatype>LOGDT019</logicalDatatype>
<ownDataTypeParameters>,,</ownDataTypeParameters>
<autoIncrementCycle>false</autoIncrementCycle>
<associations>
<colAssociation fkAssociation="5610CDBD-A004-480B-2978-AF550DEF65B4" referredColumn="09873128-D118-4B75-113A-0EB3B12F89DE"/>
</associations>
</Column>
</columns>
<indexes itemClass="oracle.dbtools.crest.model.design.relational.Index">
<ind_PK_UK id="CE9453AA-E140-AFD0-2B31-18A8E98C60B1" schemaObject="60AA4155-4E0A-1655-3DDF-F12679C44D3C" name="PLANTA_PK">
<sourceConnName>OracleDocker</sourceConnName>
<sourceObjSchema>PRY2204_S9</sourceObjSchema>
<sourceObjName>SYS_C007615</sourceObjName>
<createdBy>rulz</createdBy>
<createdTime>2025-10-13 00:28:52 UTC</createdTime>
<ownerDesignName>CA_SA</ownerDesignName>
<pk>true</pk>
<indexState>Primary Constraint</indexState>
<isSurrogateKey>false</isSurrogateKey>
<indexColumnUsage>
<colUsage columnID="A66E2C2F-6EBC-E6AF-3F31-83869F02940F"/>
</indexColumnUsage>
</ind_PK_UK>
<ind_PK_UK id="657C7887-84DF-F6AE-5347-812BAD2C2CEF" name="SYS_C007616">
<createdBy>rulz</createdBy>
<createdTime>2025-10-13 00:28:53 UTC</createdTime>
<ownerDesignName>CA_SA</ownerDesignName>
<indexState>Foreign Key</indexState>
<isSurrogateKey>false</isSurrogateKey>
<indexColumnUsage>
<colUsage columnID="4E2D96EC-7701-1388-03C3-BEFBB769A721"/>
</indexColumnUsage>
</ind_PK_UK>
</indexes>
</Table>