<?xml version = '1.0' encoding = 'UTF-8'?>
<Table class="oracle.dbtools.crest.model.design.relational.Table" directorySegmentName="seg_0" id="CBB8C30C-7168-F1D4-3C48-B96F48F46227" schemaObject="60AA4155-4E0A-1655-3DDF-F12679C44D3C" name="ASIGNACION_TURNO">
<sourceConnName>OracleDocker</sourceConnName>
<sourceObjSchema>PRY2204_S9</sourceObjSchema>
<sourceObjName>ASIGNACION_TURNO</sourceObjName>
<createdBy>rulz</createdBy>
<createdTime>2025-10-13 00:28:52 UTC</createdTime>
<ownerDesignName>CA_SA</ownerDesignName>
<allowColumnReorder>false</allowColumnReorder>
<existDependencyGenerateInDDl>true</existDependencyGenerateInDDl>
<parsed>true</parsed>
<columns itemClass="oracle.dbtools.crest.model.design.relational.Column">
<Column name="ID_ASIGNACION" id="6E9099C6-0978-32D6-A42E-FC6D66257C19">
<sourceConnName>OracleDocker</sourceConnName>
<sourceObjSchema>ASIGNACION_TURNO</sourceObjSchema>
<sourceObjName>ID_ASIGNACION</sourceObjName>
<createdBy>rulz</createdBy>
<createdTime>2025-10-13 00:28:52 UTC</createdTime>
<ownerDesignName>CA_SA</ownerDesignName>
<useDomainConstraints>false</useDomainConstraints>
<use>1</use>
<logicalDatatype>LOGDT019</logicalDatatype>
<ownDataTypeParameters>,,</ownDataTypeParameters>
<autoIncrementCycle>false</autoIncrementCycle>
</Column>
<Column name="ID_EMPLEADO" id="1D9382F2-3391-B4F5-941F-661F5762110A">
<sourceConnName>OracleDocker</sourceConnName>
<sourceObjSchema>ASIGNACION_TURNO</sourceObjSchema>
<sourceObjName>ID_EMPLEADO</sourceObjName>
<createdBy>rulz</createdBy>
<createdTime>2025-10-13 00:28:52 UTC</createdTime>
<ownerDesignName>CA_SA</ownerDesignName>
<useDomainConstraints>false</useDomainConstraints>
<use>1</use>
<logicalDatatype>LOGDT019</logicalDatatype>
<ownDataTypeParameters>,,</ownDataTypeParameters>
<autoIncrementCycle>false</autoIncrementCycle>
<associations>
<colAssociation fkAssociation="16A5731A-4B7F-805B-DD6D-CEA32EE4368A" referredColumn="897FBDAA-DF6A-E1A9-5964-3C635E227B6B"/>
</associations>
</Column>
<Column name="ID_TURNO" id="13E2D8FA-24CD-F846-8A1F-FD70F7F82F20">
<sourceConnName>OracleDocker</sourceConnName>
<sourceObjSchema>ASIGNACION_TURNO</sourceObjSchema>
<sourceObjName>ID_TURNO</sourceObjName>
<createdBy>rulz</createdBy>
<createdTime>2025-10-13 00:28:52 UTC</createdTime>
<ownerDesignName>CA_SA</ownerDesignName>
<useDomainConstraints>false</useDomainConstraints>
<use>1</use>
<logicalDatatype>LOGDT019</logicalDatatype>
<ownDataTypeParameters>,,</ownDataTypeParameters>
<autoIncrementCycle>false</autoIncrementCycle>
<associations>
<colAssociation fkAssociation="9DBDD7BF-D0D7-39A3-9938-722A6C85CC80" referredColumn="7DB3561B-2E00-F367-6943-FD5989EDEB66"/>
</associations>
</Column>
</columns>
<indexes itemClass="oracle.dbtools.crest.model.design.relational.Index">
<ind_PK_UK id="55ABB72E-A2E3-277B-2E20-A4D7C38DF3E6" schemaObject="60AA4155-4E0A-1655-3DDF-F12679C44D3C" name="ASIGNACION_TURNO_PK">
<sourceConnName>OracleDocker</sourceConnName>
<sourceObjSchema>PRY2204_S9</sourceObjSchema>
<sourceObjName>SYS_C007637</sourceObjName>
<createdBy>rulz</createdBy>
<createdTime>2025-10-13 00:28:52 UTC</createdTime>
<ownerDesignName>CA_SA</ownerDesignName>
<pk>true</pk>
<indexState>Primary Constraint</indexState>
<isSurrogateKey>false</isSurrogateKey>
<indexColumnUsage>
<colUsage columnID="6E9099C6-0978-32D6-A42E-FC6D66257C19"/>
</indexColumnUsage>
</ind_PK_UK>
<ind_PK_UK id="7C4F3B93-91CF-5101-2129-A3BA40309985" name="SYS_C007638">
<createdBy>rulz</createdBy>
<createdTime>2025-10-13 00:28:53 UTC</createdTime>
<ownerDesignName>CA_SA</ownerDesignName>
<indexState>Foreign Key</indexState>
<isSurrogateKey>false</isSurrogateKey>
<indexColumnUsage>
<colUsage columnID="1D9382F2-3391-B4F5-941F-661F5762110A"/>
</indexColumnUsage>
</ind_PK_UK>
<ind_PK_UK id="01BD581F-AF81-0089-1CF4-BAC0BB2D9600" name="SYS_C007639">
<createdBy>rulz</createdBy>
<createdTime>2025-10-13 00:28:53 UTC</createdTime>
<ownerDesignName>CA_SA</ownerDesignName>
<indexState>Foreign Key</indexState>
<isSurrogateKey>false</isSurrogateKey>
<indexColumnUsage>
<colUsage columnID="13E2D8FA-24CD-F846-8A1F-FD70F7F82F20"/>
</indexColumnUsage>
</ind_PK_UK>
</indexes>
</Table>