<?xml version = '1.0' encoding = 'UTF-8'?>
<UserOraclev10g class="oracle.dbtools.crest.model.design.storage.oracle.v10g.UserOraclev10g" name="PRY2204_S9" directorySegmentName="seg_0" id="62DD8B1D-8659-9C76-BA85-786FDE072833">
<sourceConnName>OracleDocker</sourceConnName>
<sourceObjName>PRY2204_S9</sourceObjName>
<createdBy>rulz</createdBy>
<createdTime>2025-10-13 00:28:51 UTC</createdTime>
<ownerDesignName>CA_SA</ownerDesignName>
<schemaObject>60AA4155-4E0A-1655-3DDF-F12679C44D3C</schemaObject>
</UserOraclev10g>